,customer_id,churn_prob,no_churn
0,1429-UYJSV,0.01249590952010428,0.9875040904798957
1,0958-YHXGP,0.4242849660143118,0.5757150339856882
2,6134-KWTBV,0.0018946150577719989,0.998105384942228
3,5016-ETTFF,0.23213281778713274,0.7678671822128673
4,6483-OATDN,0.2266007455562907,0.7733992544437093
5,0611-DFXKO,0.2691013605267429,0.7308986394732571
6,8345-MVDYC,0.011279219686085284,0.9887207803139147
7,4893-GYUJU,0.005451403407360116,0.9945485965926398
8,1976-CFOCS,0.7421073990829613,0.2578926009170387
9,8067-NIOYM,0.0032730842808308537,0.9967269157191692
10,6131-FOYAS,0.1889795806582501,0.8110204193417498
11,5639-NTUPK,0.2142690889613215,0.7857309110386785
12,8731-WBBMB,0.07484726432362197,0.925152735676378
13,9921-QFQUL,0.21362226035938908,0.7863777396406109
14,6319-IEJWJ,0.6018675376054993,0.39813246239450073
15,0495-ZBNGW,0.7346691038940447,0.2653308961059553
16,9444-JTXHZ,0.8427333679446208,0.15726663205537916
17,2930-UOTMB,0.042703065789274686,0.9572969342107254
18,5642-MHDQT,0.0037711684101670666,0.9962288315898329
19,6195-MELTI,0.02161867038304269,0.9783813296169573
20,8631-WUXGY,0.5920142921648487,0.4079857078351513
21,7663-CUXZB,0.12428236635073,0.87571763364927
22,0853-NWIFK,0.38877643939027035,0.6112235606097296
23,3230-WYKIR,0.07942529333672953,0.9205747066632705
24,8388-FYNPZ,0.3632590032770188,0.6367409967229811
25,8854-CCVSQ,0.4294923357937002,0.5705076642062998
26,9507-HSMMZ,0.0012194995734626413,0.9987805004265373
27,5392-AKEMH,0.4118234491320139,0.5881765508679861
28,0027-KWYKW,0.5348621904977788,0.46513780950222117
29,1343-EHPYB,0.46267076002770535,0.5373292399722946
30,6928-ONTRW,0.0004337811004610499,0.999566218899539
31,4925-LMHOK,0.22171467020743804,0.7782853297925619
32,5955-EPOAZ,0.11357099183593153,0.8864290081640684
33,1074-WVEVG,0.003824103542245967,0.9961758964577541
34,0224-HJAPT,0.46617803390894397,0.533821966091056
35,4307-KWMXE,0.23887493835988002,0.76112506164012
36,2495-KZNFB,0.3797000982858408,0.6202999017141593
37,5977-CKHON,0.16097942608332147,0.8390205739166785
38,7927-AUXBZ,0.3482462245397052,0.6517537754602948
39,5956-YHHRX,0.7945500335457422,0.20544996645425784
40,2616-UUTFK,0.1990554538103601,0.8009445461896398
41,1135-HIORI,0.15739660974483943,0.8426033902551606
42,1935-IMVBB,0.1092711735199184,0.8907288264800816
43,5133-VRSAB,0.17581218786902034,0.8241878121309797
44,8160-HOWOX,0.411685667802498,0.588314332197502
45,6723-WSNTY,0.13877187141446162,0.8612281285855383
46,7771-CFQRQ,0.016023521331759747,0.9839764786682402
47,8879-XUAHX,0.020322466391120543,0.9796775336088794
48,6374-AFWOX,0.008529977828262956,0.9914700221717371
49,4425-OWHWB,0.014601414865092265,0.9853985851349077
50,1866-NXPSP,0.06379368917589681,0.9362063108241032
51,3620-EHIMZ,0.0007021125539986388,0.9992978874460013
52,5680-LQOGP,0.00782059180196096,0.9921794081980391
53,0122-OAHPZ,0.7040527952798981,0.29594720472010194
54,7394-LWLYN,0.7032252462639167,0.2967747537360833
55,3205-MXZRA,0.026748909091946542,0.9732510909080535
56,8660-BUETV,0.3434097472227885,0.6565902527772115
57,8992-CEUEN,0.2955282660978611,0.7044717339021389
58,2545-LXYVJ,0.0005764937088443491,0.9994235062911556
59,5583-SXDAG,0.7603672691893448,0.23963273081065517
60,5334-AFQJB,0.0023972689511284665,0.9976027310488715
61,8384-FZBJK,0.5071922124878596,0.4928077875121404
62,5186-EJEGL,0.2354282091397599,0.7645717908602401
63,0682-USIXD,0.3811901169397967,0.6188098830602033
64,7814-LEEVE,0.13453174183603578,0.8654682581639642
65,7762-ONLJY,0.015873708432704456,0.9841262915672956
66,6067-NGCEU,0.16248918975039695,0.837510810249603
67,8096-LOIST,0.34977675442771117,0.6502232455722888
68,2061-VVFST,0.016032221449526707,0.9839677785504732
69,5815-HGGHV,0.0375399859296124,0.9624600140703876
70,4890-VMUAV,0.02783412331013372,0.9721658766898663
71,3473-XIIIT,0.8000918624623087,0.19990813753769132
72,5781-RFZRP,0.004325099576286988,0.995674900423713
73,7065-YUNRY,0.570686062492271,0.42931393750772895
74,1641-BYBTK,0.13448674830531107,0.865513251694689
75,1396-QWFBJ,0.2596272304690426,0.7403727695309574
76,9052-DHNKM,0.03982381234804556,0.9601761876519544
77,9537-VHDTA,0.5055205790177671,0.49447942098223285
78,0975-UYDTX,0.07581161279250472,0.9241883872074953
79,4816-OKWNX,0.1661660032718244,0.8338339967281756
80,5724-BIDBU,0.16037091016960547,0.8396290898303945
81,1452-KIOVK,0.24262504802700247,0.7573749519729975
82,1194-SPVSP,0.23829475260906421,0.7617052473909358
83,5143-WMWOG,0.5245996541014858,0.4754003458985142
84,2361-FJWNO,0.02237460841599274,0.9776253915840073
85,8120-JDCAM,0.48725954415422545,0.5127404558457745
86,5278-PNYOX,0.037057187831808294,0.9629428121681917
87,0023-XUOPT,0.5248213837551621,0.4751786162448379
88,4827-LTQRJ,0.1859576978126401,0.81404230218736
89,3120-FAZKD,0.0016286112042880367,0.998371388795712
90,3588-WSTTJ,0.6782857986999866,0.3217142013000134
91,4763-PGDPO,0.5013741734592037,0.49862582654079635
92,0613-WUXUM,0.0006616687947178666,0.9993383312052821
93,7975-TZMLR,0.3456602852377765,0.6543397147622235
94,4011-ARPHK,0.045421194426618273,0.9545788055733817
95,4937-QPZPO,0.46412293884678685,0.5358770611532131
96,7102-JJVTX,0.06878569420442507,0.931214305795575
97,6870-ZWMNX,0.007534819702940311,0.9924651802970597
98,0253-ZTEOB,0.02818391382782963,0.9718160861721704
99,0743-HNPFG,0.024204378122116166,0.9757956218778838
100,7025-WCBNE,0.03550212559510269,0.9644978744048973
101,7241-AJHFS,0.13504467815439541,0.8649553218456045
102,3340-QBBFM,0.04953690883866088,0.9504630911613391
103,7789-CRUVC,0.08065781935322111,0.9193421806467789
104,3132-TVFDZ,0.4106668900822042,0.5893331099177959
105,5760-FXFVO,0.5823916720120272,0.41760832798797276
106,4021-RQSNY,0.7238432662192907,0.27615673378070926
107,1049-FYSYG,0.22057248599893375,0.7794275140010662
108,6035-BXTTY,0.10128906607493696,0.8987109339250631
109,5294-CDGWY,0.10166890835366832,0.8983310916463316
110,5859-HZYLF,0.0014050678476162821,0.9985949321523837
111,4139-DETXS,0.002468729961764828,0.9975312700382352
112,8201-AAXCB,0.1936945577876788,0.8063054422123213
113,3642-GKTCT,0.055103383996408524,0.9448966160035914
114,9076-AXYIK,0.1646992308361447,0.8353007691638553
115,0822-GAVAP,0.8305061483499994,0.16949385165000064
116,5016-IBERQ,0.34276421052001593,0.6572357894799841
117,0619-OLYUR,0.00768332337835004,0.9923166766216499
118,1932-UEDCX,0.5578327421832832,0.44216725781671684
119,4154-AQUGT,0.41944241218102885,0.5805575878189712
120,2632-TACXW,0.0016721646202770045,0.998327835379723
121,3810-DVDQQ,0.006777334296276387,0.9932226657037236
122,1852-XEMDW,0.09164206701067197,0.908357932989328
123,2868-MZAGQ,0.8787026250428027,0.12129737495719728
124,0195-IESCP,0.6816371483630761,0.3183628516369239
125,4369-NYSCF,0.03593546786662567,0.9640645321333743
126,8357-EQXFO,0.7517946206483304,0.24820537935166964
127,4546-FOKWR,0.41652080554266085,0.5834791944573392
128,5275-PMFUT,0.0025635553987793866,0.9974364446012206
129,5727-MYATE,0.003638639594007662,0.9963613604059923
130,7601-DHFWZ,0.0036732877668774065,0.9963267122331226
131,0306-JAELE,0.8028558559592095,0.1971441440407905
132,3855-ONCAR,0.6941503440391856,0.30584965596081437
133,4816-LXZYW,0.369381035247125,0.630618964752875
134,7794-JASDG,0.6340069421854418,0.36599305781455815
135,6061-PQHMK,0.010773887669014088,0.9892261123309859
136,5293-WXJAK,0.7670434605362999,0.2329565394637001
137,6350-XFYGW,0.835950701059793,0.16404929894020703
138,1091-SOZGA,0.17193199689490676,0.8280680031050932
139,1169-SAOCL,0.18218334834974423,0.8178166516502557
140,7328-OWMOM,0.006181622230653147,0.9938183777693469
141,4335-UPJSI,0.001888928647633307,0.9981110713523667
142,9798-OPFEM,0.01083330154924893,0.9891666984507511
143,3720-DBRWL,0.007110879492397754,0.9928891205076023
144,1432-FPAXX,0.1972733505586475,0.8027266494413525
145,3571-DPYUH,0.04064765501552007,0.95935234498448
146,6591-QGOYB,0.37692018528047444,0.6230798147195256
147,0134-XWXCE,0.09712750163349147,0.9028724983665085
148,2580-ATZSQ,0.016737377472935876,0.9832626225270641
149,4115-UMJFQ,0.03002754091014339,0.9699724590898566
150,0455-XFASS,0.5613527750474566,0.4386472249525434
151,0322-YINQP,0.552766670469731,0.44723332953026895
152,2167-FQSTQ,0.01336394534621882,0.9866360546537811
153,1972-XMUWV,0.007887393721791598,0.9921126062782084
154,3538-WZPHD,0.5370309340997281,0.46296906590027187
155,8017-UVSZU,0.22381507476605894,0.776184925233941
156,0203-HHYIJ,0.023206797087763634,0.9767932029122364
157,6114-TCFID,0.021615851288413604,0.9783841487115864
158,7037-MTYVW,0.01281494359325077,0.9871850564067493
159,6813-GZQCG,0.003052971858440623,0.9969470281415593
160,5371-VYLSX,0.31210294476477846,0.6878970552352215
161,3327-YBAKM,0.0705509882259576,0.9294490117740424
162,7375-WMVMT,0.007700666532356605,0.9922993334676434
163,6849-OYAMU,0.15492238866606423,0.8450776113339358
164,1345-ZUKID,0.007408779799013495,0.9925912202009866
165,3890-RTCMS,0.18729852184788937,0.8127014781521107
166,3808-HFKDE,0.34555951855560363,0.6544404814443964
167,3160-TYXLT,0.1699338630569964,0.8300661369430036
168,9314-QDMDW,0.15458141463670474,0.8454185853632953
169,9372-TXXPS,0.004699623825786233,0.9953003761742137
170,8421-WZOOW,0.11549932451174538,0.8845006754882546
171,1930-WNXSB,0.2834060839209686,0.7165939160790313
172,3090-LETTY,0.38452698735868746,0.6154730126413126
173,2573-GYRUU,0.34573573604260144,0.6542642639573986
174,1536-YHDOE,0.048600988531106844,0.9513990114688932
175,0107-WESLM,0.5422433831871608,0.4577566168128392
176,0454-OKRCT,0.01460049654012877,0.9853995034598713
177,5229-PRWKT,0.6455642221200733,0.35443577787992675
178,0270-THENM,0.0015336148840188989,0.9984663851159811
179,5315-CKEQK,0.06806583471987855,0.9319341652801214
180,8060-HIWJJ,0.00930600799153102,0.990693992008469
181,4489-SNOJF,0.18534934877385334,0.8146506512261467
182,5196-SGOAK,0.7950362611856168,0.20496373881438323
183,5028-HTLJB,0.7262830452695621,0.2737169547304379
184,3896-RCYYE,0.06669840766986693,0.9333015923301331
185,2568-BRGYX,0.573113257522194,0.426886742477806
186,8640-SDGKB,0.6716428276420402,0.3283571723579598
187,6828-HMKWP,0.005428431536032525,0.9945715684639674
188,4682-BLBUC,0.060201568264359864,0.9397984317356401
189,0013-SMEOE,0.01187578438076496,0.988124215619235
190,3181-MIZBN,0.09088185973994313,0.9091181402600569
191,8329-UTMVM,0.24392876604707692,0.7560712339529231
192,5022-KVDQT,0.5384362540388294,0.46156374596117056
193,3462-BJQQA,0.7762641037668435,0.22373589623315648
194,2004-OCQXK,0.8106891290472742,0.1893108709527258
195,4159-NAAIX,0.04162752975098179,0.9583724702490182
196,6705-LNMDD,0.09123972902219814,0.9087602709778019
197,2302-OUZXB,0.008978417621433952,0.9910215823785661
198,0516-QREYC,0.08646603327730246,0.9135339667226976
199,4369-HTUIF,0.7673125591907742,0.23268744080922577
200,4194-WHFCB,0.08867149266874999,0.91132850733125
201,4992-LTJNE,0.00227331442595143,0.9977266855740485
202,4316-XCSLJ,0.1720552968027274,0.8279447031972726
203,6064-PUPMC,0.03521367635514868,0.9647863236448513
204,1325-USMEC,0.032955545819515104,0.9670444541804849
205,2480-SQIOB,0.39338374395988907,0.6066162560401109
206,6502-KUGLL,0.08536037727005574,0.9146396227299443
207,4895-TMWIR,0.0891383392649406,0.9108616607350594
208,6599-CEBNN,0.43563292672472653,0.5643670732752735
209,7952-OBOYL,0.7286492353876757,0.2713507646123243
210,5385-SUIRI,0.488323017016739,0.511676982983261
211,4612-SSVHJ,0.5549017023857737,0.44509829761422626
212,2369-UAPKZ,0.6621088165550192,0.3378911834449808
213,8800-JOOCF,0.6835580153932632,0.3164419846067368
214,2656-FMOKZ,0.5884590307699686,0.41154096923003136
215,3544-FBCAS,0.005806202856236913,0.9941937971437631
216,9135-MGVPY,0.00521694089728339,0.9947830591027166
217,1848-LBZHY,0.2077577176974491,0.7922422823025509
218,2528-HFYZX,0.571445285347237,0.42855471465276296
219,2274-XUATA,0.005498021916495394,0.9945019780835046
220,7971-HLVXI,0.012548862457116273,0.9874511375428837
221,0643-OKLRP,0.29769196888301086,0.7023080311169891
222,8714-EUHJO,0.35484390530858384,0.6451560946914161
223,7103-ZGVNT,0.018362404670586828,0.9816375953294132
224,6579-JPICP,0.11113026838695467,0.8888697316130454
225,4312-KFRXN,0.0008741010807535911,0.9991258989192464
226,3454-JFUBC,0.0019999168788559477,0.9980000831211441
227,0565-IYCGT,0.017956046781333102,0.9820439532186669
228,2480-EJWYP,0.23718779040004576,0.7628122095999542
229,0224-NIJLP,0.008049606829170906,0.9919503931708291
230,3512-IZIKN,0.002899732772476519,0.9971002672275234
231,1998-VHJHK,0.0027389278580545206,0.9972610721419455
232,1212-GLHMD,0.5572736807934716,0.4427263192065284
233,3577-AMVUX,0.5773031296239735,0.42269687037602655
234,5146-YYFRZ,0.0008677836857002771,0.9991322163142997
235,1936-CZAKF,0.0493571144642587,0.9506428855357413
236,6439-PKTRR,0.013535433408790043,0.98646456659121
237,2607-FBDFF,0.22202275677139657,0.7779772432286034
238,9796-MVYXX,0.02624002853290945,0.9737599714670906
239,2476-YGEFM,0.23284415152801327,0.7671558484719867
240,9194-GFVOI,0.012939202958918754,0.9870607970410813
241,0867-MKZVY,0.28023871847594084,0.7197612815240592
242,9419-IPPBE,0.10634320168797781,0.8936567983120222
243,4211-MMAZN,0.22600638901933795,0.773993610980662
244,8174-LNWMW,0.0025361153508230115,0.997463884649177
245,0506-YLVKJ,0.001955077400769066,0.9980449225992309
246,6551-GNYDG,0.4706713165697515,0.5293286834302485
247,0278-YXOOG,0.10242260382945469,0.8975773961705453
248,5419-JPRRN,0.9566413527511932,0.04335864724880678
249,8218-FFJDS,0.0036000628730804172,0.9963999371269195
250,8242-JSVBO,0.3406216251344333,0.6593783748655667
251,6696-YDAYZ,0.004240648514499161,0.9957593514855009
252,5203-XEHAX,0.04625751811617417,0.9537424818838258
253,9483-GCPWE,0.0209308617180931,0.9790691382819069
254,5201-USSQZ,0.14379136274051485,0.8562086372594852
255,2037-XJFUP,0.3073938167248999,0.6926061832751
256,7711-YIJWC,0.033709898209066676,0.9662901017909333
257,3763-GCZHZ,0.374582583721405,0.625417416278595
258,2239-CFOUJ,0.012939794410924075,0.9870602055890759
259,3211-ILJTT,0.22079707757130895,0.779202922428691
260,6898-RBTLU,0.012951446509497597,0.9870485534905024
261,1596-BBVTG,0.2935903798826832,0.7064096201173168
262,4598-XLKNJ,0.8627703645378713,0.13722963546212874
263,3978-YNKDD,0.004995679410059039,0.9950043205899409
264,4537-CIBHB,0.02263539123010802,0.977364608769892
265,4283-FUTGF,0.5103872149362669,0.48961278506373307
266,8231-BSWXX,0.018138604025389596,0.9818613959746104
267,1751-NCDLI,0.70855026901513,0.29144973098487004
268,0722-TROQR,0.697066229762213,0.302933770237787
269,5600-PDUJF,0.32851476131929613,0.6714852386807039
270,3736-BLEPA,0.09719859081852562,0.9028014091814743
271,0018-NYROU,0.5638785955079707,0.4361214044920293
272,6585-WCEWR,0.003225503367775542,0.9967744966322245
273,8676-TRMJS,0.5016979727172818,0.4983020272827182
274,2294-DMMUS,0.11048620697311244,0.8895137930268876
275,2265-CYWIV,0.8761442964055457,0.1238557035944543
276,8634-MPHTR,0.6461921835872438,0.35380781641275616
277,2985-JUUBZ,0.48784071832235065,0.5121592816776493
278,4465-VDKIQ,0.3670064198684848,0.6329935801315152
279,9912-OMZDS,0.43400497355669104,0.5659950264433089
280,9249-FXSCK,0.17042267550649284,0.8295773244935072
281,0952-KMEEH,0.608877382712024,0.39112261728797604
282,8873-TMKGR,0.0026664946803404157,0.9973335053196596
283,5447-WZAFP,0.16041852032335824,0.8395814796766418
284,6474-FVJLC,0.8099532307450377,0.19004676925496233
285,1004-NOZNR,0.13688972052653087,0.8631102794734691
286,2359-QWQUL,0.20847065288361125,0.7915293471163888
287,5311-IHLEI,0.19503578580158307,0.8049642141984169
288,5781-BKHOP,0.012995857465227464,0.9870041425347725
289,0386-CWRGM,0.0009824074260965563,0.9990175925739034
290,7996-BPXHY,0.008948881193946415,0.9910511188060536
291,8894-JVDCV,0.0534797697713914,0.9465202302286086
292,8677-HDZEE,0.13533471794785437,0.8646652820521457
293,4958-GZWIY,0.39013969798815623,0.6098603020118438
294,7892-POOKP,0.5874381562024596,0.41256184379754035
295,4933-BSAIP,0.0007894626360469943,0.999210537363953
296,4824-GUCBY,0.40052591312195424,0.5994740868780457
297,3898-GUYTS,0.3907986987328479,0.6092013012671521
298,9408-HRXRK,0.462153146467518,0.5378468535324821
299,7677-SJJJK,0.01851200566503697,0.981487994334963
300,4910-GMJOT,0.9015866871970214,0.0984133128029786
301,5504-WSIUR,0.015168809297842442,0.9848311907021575
302,9450-TRJUU,0.48662829028602517,0.5133717097139748
303,1334-PDUKM,0.028270981186222417,0.9717290188137776
304,1041-RXHRA,0.19294574080728016,0.8070542591927199
305,1131-QQZEB,0.0017890180604899478,0.9982109819395101
306,0410-IPFTY,0.348501412996967,0.651498587003033
307,8149-RSOUN,0.9325591100039727,0.06744088999602726
308,3308-DGHKL,0.00084180518803412,0.9991581948119659
309,8748-HFWBO,0.008063593481316461,0.9919364065186835
310,2180-DXNEG,0.801291155616032,0.19870884438396796
311,2595-KIWPV,0.0014513523708495348,0.9985486476291504
312,7560-QJAVJ,0.008255585108502578,0.9917444148914974
313,3721-WKIIL,0.0014079902489589338,0.9985920097510411
314,0336-PIKEI,0.00790226688837979,0.9920977331116202
315,9898-KZQDZ,0.4223553036404324,0.5776446963595676
316,4534-WGCIR,0.0020404655238594025,0.9979595344761406
317,1708-PBBOA,0.13746032444962525,0.8625396755503747
318,7869-ZYDST,0.08004395511236578,0.9199560448876343
319,0774-IFUVM,0.16034310079610223,0.8396568992038977
320,3521-MNKLV,0.14600560667183504,0.853994393328165
321,1536-HBSWP,0.2959877952268436,0.7040122047731564
322,8782-NUUOL,0.03227402345720646,0.9677259765427936
323,2277-VWCNI,0.5395262083127705,0.46047379168722946
324,8051-HJRLT,0.7891342566939399,0.21086574330606012
325,1134-YWTYF,0.08361375375885007,0.91638624624115
326,9938-PRCVK,0.0012637830333067177,0.9987362169666932
327,4223-WOZCM,0.6845460428245267,0.3154539571754733
328,5602-BVFMK,0.00958016665509185,0.9904198333449081
329,3315-IKYZQ,0.0151722192222716,0.9848277807777284
330,4879-GZLFH,0.3285042749831674,0.6714957250168325
331,9342-VNIMQ,0.06601716095668435,0.9339828390433157
332,8221-HVAYI,0.01776261154069333,0.9822373884593066
333,1937-OTUKY,0.010448963348267311,0.9895510366517327
334,3988-RQIXO,0.9412421451102005,0.058757854889799455
335,3627-FCRDW,0.4118622636084277,0.5881377363915723
336,9585-KKMFD,0.0015016109412417185,0.9984983890587583
337,9050-IKDZA,0.811928580726083,0.18807141927391702
338,3331-HQDTW,0.29049134169976853,0.7095086583002315
339,2402-TAIRZ,0.11351335616305123,0.8864866438369488
340,4872-VXRIL,0.015741080371846385,0.9842589196281536
341,5701-SVCWR,0.1699416966982478,0.8300583033017522
342,0961-ZWLVI,0.19542208578743858,0.8045779142125614
343,8670-ERCJH,0.006557402666256485,0.9934425973337435
344,1240-HCBOH,0.0017835790804824666,0.9982164209195176
345,8091-TTVAX,0.24531540357039813,0.7546845964296018
346,3494-JCHRQ,0.7669985559002211,0.23300144409977885
347,5827-MWCZK,0.09843106092887051,0.9015689390711294
348,1559-DTODC,0.14096661144626377,0.8590333885537362
349,9286-DOJGF,0.4825400684050234,0.5174599315949766
350,9967-ATRFS,0.033427270776881145,0.9665727292231189
351,6693-FRIRW,0.4972477062373409,0.5027522937626592
352,3279-DYZQM,0.00029056794647481284,0.9997094320535251
353,9866-QEVEE,0.31242922624152997,0.68757077375847
354,7341-LXCAF,0.6518208631353589,0.3481791368646411
355,1333-PBMXB,0.006231131877118836,0.9937688681228811
356,6048-QBXKL,0.7096557238446729,0.2903442761553271
357,5673-FSSMF,0.8898558772535089,0.1101441227464911
358,5951-AOFIH,0.15360159466018594,0.846398405339814
359,4059-IIEBK,0.5967814026635836,0.4032185973364164
360,8981-FJGLA,0.5147816411541472,0.48521835884585285
361,9795-NREXC,0.009723529112942267,0.9902764708870577
362,1729-VLAZJ,0.0360040880415566,0.9639959119584434
363,0402-OAMEN,0.0007257350332460239,0.999274264966754
364,6689-KXGBO,0.5816773673920155,0.4183226326079845
365,8285-ABVLB,0.0007283112707338997,0.9992716887292661
366,7743-EXURX,0.37682932182970913,0.6231706781702908
367,7243-LCGGZ,0.11680550059838057,0.8831944994016194
368,9734-UYXQI,0.6078611692118259,0.39213883078817413
369,2485-ITVKB,0.7853733870234919,0.2146266129765081
370,2272-JKMSI,0.1815741212646383,0.8184258787353618
371,0829-XXPLX,0.289911998297759,0.7100880017022411
372,1027-LKKQQ,0.003534565574313482,0.9964654344256865
373,2013-SGDXK,0.7287251255824972,0.27127487441750275
374,3207-OYBWH,0.17337371516750638,0.8266262848324937
375,6728-VOIFY,0.286639630595486,0.7133603694045141
376,6718-BDGHG,0.060098988080069395,0.9399010119199306
377,3002-WQZWT,0.303629669091973,0.696370330908027
378,9978-HYCIN,0.11707227701096472,0.8829277229890353
379,5346-BZCHP,0.00047919018173124697,0.9995208098182687
380,4208-UFFGW,0.5823986608167984,0.41760133918320164
381,6963-KQYQB,0.0009574134933318807,0.9990425865066681
382,6693-DJWTY,0.026303853237603713,0.9736961467623962
383,3957-LXOLK,0.6649435697402679,0.3350564302597321
384,5553-AOINX,0.5719483829801174,0.4280516170198826
385,4616-ULAOA,0.059459318434984934,0.940540681565015
386,2108-YKQTY,0.3612265369329085,0.6387734630670915
387,6252-DFGTK,0.07419631777354335,0.9258036822264566
388,4785-NKHCX,0.24031570964353555,0.7596842903564645
389,3307-TLCUD,0.1445652479164211,0.8554347520835789
390,9917-KWRBE,0.0612354093037809,0.9387645906962191
391,7912-SYRQT,0.5044494422136514,0.4955505577863486
392,5712-PTIWW,0.6236458698153621,0.3763541301846379
393,1768-HNVGJ,0.3333550933810789,0.6666449066189211
394,9375-MHRRS,0.2054997163774859,0.7945002836225141
395,5299-SJCZT,0.9097916048467435,0.09020839515325652
396,6821-BUXUX,0.647515885460791,0.352484114539209
397,3621-CEOVK,0.8454024984198518,0.15459750158014818
398,8942-DBMHZ,0.057541199789951994,0.942458800210048
399,2697-NQBPF,0.38279611435231997,0.61720388564768
400,5453-YBTWV,0.016577174780349764,0.9834228252196502
401,1545-ACTAS,0.11414528841508681,0.8858547115849131
402,3594-IVHJZ,0.12448222667007247,0.8755177733299275
403,3212-KXOCR,0.0016488299111972993,0.9983511700888027
404,9968-FFVVH,0.011898308590248733,0.9881016914097512
405,1685-BQULA,0.18370472529272203,0.816295274707278
406,4462-CYWMH,0.19483025191109019,0.8051697480889098
407,7445-WMRBW,0.04868090723601095,0.9513190927639891
408,0269-XFESX,0.009731841987142597,0.9902681580128574
409,7746-AWNQW,0.061476271184353365,0.9385237288156466
410,3096-GKWEB,0.559820387075679,0.44017961292432095
411,4667-OHGKG,0.2514087166589083,0.7485912833410917
412,2842-JTCCU,0.5506301896890009,0.4493698103109991
413,7471-WNSUF,0.004920692120398752,0.9950793078796012
414,2519-ERQOJ,0.18581326107018623,0.8141867389298137
415,9185-TQCVP,0.6596965695257772,0.34030343047422285
416,6969-MVBAI,0.830889724011125,0.16911027598887496
417,5130-YPIRV,0.005326562417028513,0.9946734375829714
418,7216-KAOID,0.003065504127510068,0.99693449587249
419,0616-ATFGB,0.8002370341915921,0.1997629658084079
420,8118-LSUEL,0.8151896976475489,0.1848103023524511
421,2378-VTKDH,0.5284415491332555,0.4715584508667445
422,5414-OFQCB,0.009512364756792955,0.990487635243207
423,2219-MVUSO,0.2804398359850868,0.7195601640149132
424,2408-PSJVE,0.08482869097180568,0.9151713090281943
425,5982-PSMKW,0.014888571555936576,0.9851114284440634
426,2642-MAWLJ,0.0016856009796185826,0.9983143990203814
427,7666-WKRON,0.03739517372309161,0.9626048262769084
428,9289-LBQVU,0.02323442756921063,0.9767655724307893
429,1142-IHLOO,0.08646060523781832,0.9135393947621817
430,6818-WOBHJ,0.22511475926949878,0.7748852407305012
431,4018-PPNDW,0.0015346292524476338,0.9984653707475524
432,1216-JWVUX,0.4030308583995963,0.5969691416004037
433,8974-OVACP,0.49340494361728743,0.5065950563827126
434,5619-PTMIK,0.29073225806995434,0.7092677419300457
435,2851-STERV,0.25155922330469904,0.748440776695301
436,5087-SUURX,0.4821366012830471,0.517863398716953
437,5378-IKEEG,0.798905538581503,0.20109446141849696
438,2709-UQGNP,0.21513218168076606,0.7848678183192339
439,3791-LGQCY,0.3784372276978645,0.6215627723021355
440,2884-GBPFB,0.44906514355307875,0.5509348564469212
441,3039-MJSLN,0.15002517470854904,0.849974825291451
442,3092-IGHWF,0.09113309490030086,0.9088669050996991
443,1038-RQOST,0.03379567511244853,0.9662043248875515
444,7998-ZLXWN,0.0610725813403818,0.9389274186596182
445,3284-SVCRO,0.003189549469720854,0.9968104505302792
446,6419-ZTTLE,0.037269130704456664,0.9627308692955433
447,0074-HDKDG,0.04081799356201894,0.959182006437981
448,6447-GORXK,0.05240270783354278,0.9475972921664573
449,4800-CZMPC,0.2005449737823943,0.7994550262176057
450,5748-RNCJT,0.042634037434467344,0.9573659625655326
451,6173-GOLSU,0.3746658068741703,0.6253341931258297
452,5204-QZXPU,0.4919078396747781,0.508092160325222
453,1576-PFZIW,0.06252071459903365,0.9374792854009664
454,3707-GNWHM,0.7718146391641345,0.2281853608358655
455,7508-DQAKK,0.007735601842153114,0.9922643981578468
456,8481-YYXWG,0.5825301908717665,0.4174698091282335
457,5961-VUSRV,0.02202073502513823,0.9779792649748618
458,6260-XLACS,0.020374955809114987,0.979625044190885
459,2750-BJLSB,0.35621738844215656,0.6437826115578434
460,6786-OBWQR,0.7611976982601704,0.23880230173982964
461,9146-JRIOX,0.0691129429807268,0.9308870570192732
462,0114-IGABW,0.0040510540608830765,0.9959489459391169
463,0668-OGMHD,0.1608890510267285,0.8391109489732715
464,6956-SMUCM,0.7865872670319349,0.21341273296806507
465,9190-MFJLN,0.5421242496379975,0.45787575036200245
466,3694-GLTJM,0.14451856174399222,0.8554814382560078
467,9850-OWRHQ,0.6438390738893095,0.3561609261106905
468,9360-AHGNL,0.3829701096201535,0.6170298903798466
469,2027-OAQQC,0.12293291605617152,0.8770670839438285
470,6075-QMNRR,0.10225185906697833,0.8977481409330217
471,1513-XNPPH,0.5574679013906526,0.4425320986093474
472,5949-EBSQK,0.28299045610112017,0.7170095438988798
473,1363-TXLSL,0.8125293276366894,0.1874706723633106
474,7593-JNWRU,0.3207471637518056,0.6792528362481944
475,3177-LASXD,0.6684011000249964,0.3315988999750036
476,3230-JCNZS,0.008608503121067363,0.9913914968789327
477,8982-NHAVY,0.2348563221350565,0.7651436778649435
478,5140-FOMCQ,0.23025065046270785,0.7697493495372921
479,6400-BWQKW,0.6455695938732857,0.3544304061267143
480,3597-YASZG,0.08433576139262378,0.9156642386073762
481,8048-DSDFQ,0.36204185933276906,0.637958140667231
482,9800-OUIGR,0.0009018031306999844,0.9990981968693
483,8124-NZVGJ,0.16488900754194077,0.8351109924580592
484,7856-GANIL,0.11993053269247408,0.8800694673075259
485,3633-CDBUW,0.10398034916402125,0.8960196508359788
486,2599-CZABP,0.08943192822881922,0.9105680717711808
487,4877-EVATK,0.33455955491034406,0.6654404450896559
488,4464-JCOLN,0.013840324739146788,0.9861596752608532
489,2027-WKXMW,0.5194387067655118,0.48056129323448815
490,3801-HMYNL,0.7307337485010111,0.26926625149898886
491,2320-SLKMB,0.07281848274352731,0.9271815172564727
492,7176-WRTNX,0.03858403263228473,0.9614159673677153
493,7395-IGJOS,0.42633007290349756,0.5736699270965024
494,1159-WFSGR,0.10622596356668654,0.8937740364333134
495,9225-BZLNZ,0.016634759064501906,0.983365240935498
496,7817-OMJNA,0.017605243906868934,0.9823947560931311
497,3138-BKYAV,0.7690008763871914,0.2309991236128086
498,6328-ZPBGN,0.7533232558731061,0.2466767441268939
499,1207-BLKSA,0.0016938534736695443,0.9983061465263304
500,9058-CBREO,0.8081131614076622,0.1918868385923378
501,5439-WIKXB,0.4185854088243013,0.5814145911756987
502,3533-UVMOM,0.005503939398297691,0.9944960606017023
503,5057-LCOUI,0.2172374619334414,0.7827625380665586
504,9851-KIELU,0.45310991609728674,0.5468900839027133
505,2120-SMPEX,0.040141897575434606,0.9598581024245654
506,3094-JOJAI,0.24220649076282885,0.7577935092371711
507,2277-BKJKN,0.09635093636719516,0.9036490636328048
508,3011-WQKSZ,0.12167099585448872,0.8783290041455113
509,6122-EFVKN,0.007337185744016757,0.9926628142559832
510,0883-EIBTI,0.09691226011274827,0.9030877398872518
511,8782-LKFPK,0.13522150665772342,0.8647784933422766
512,9290-SHCMB,0.7822292617608366,0.21777073823916338
513,1215-VFYVK,0.3506474294785976,0.6493525705214024
514,5468-BPMMO,0.049727790814987204,0.9502722091850128
515,9029-FEGVJ,0.39264395274899716,0.6073560472510029
516,2799-ARNLO,0.574945369118523,0.425054630881477
517,3645-DEYGF,0.11642431125932798,0.883575688740672
518,5590-YRFJT,0.2512519162821826,0.7487480837178174
519,8361-LTMKD,0.6774151198351861,0.3225848801648139
520,9717-QEBGU,0.7073446440414131,0.29265535595858694
521,3398-GCPMU,0.014669170270558753,0.9853308297294412
522,1360-JYXKQ,0.22804657779847423,0.7719534222015257
523,6142-VSJQO,0.4643585967292676,0.5356414032707324
524,8999-BOHSE,0.7529719710826942,0.2470280289173058
525,1410-RSCMR,0.29080384006090704,0.709196159939093
526,5248-KWLAR,0.010825741926924756,0.9891742580730752
527,0137-UDEUO,0.19207444474463148,0.8079255552553686
528,2925-VDZHY,0.003991435377563184,0.9960085646224368
529,5931-FLJJF,0.47633104413524163,0.5236689558647584
530,6917-YACBP,0.1897574985835907,0.8102425014164093
531,4918-QLLIW,0.43312052302315585,0.5668794769768442
532,8943-URTMR,0.7627089547584238,0.23729104524157618
533,7639-LIAYI,0.01100369101196276,0.9889963089880373
534,5965-GGPRW,0.016695774397190118,0.9833042256028098
535,7760-OYPDY,0.8234870576597123,0.1765129423402877
536,6789-HJBWG,0.30448350649964706,0.6955164935003529
537,9577-WJVCQ,0.031062241271867224,0.9689377587281328
538,1205-WNWPJ,0.2594019226997647,0.7405980773002353
539,3703-VAVCL,0.6069419035106194,0.3930580964893806
540,4685-TFLLS,0.01169467016462255,0.9883053298353774
541,8720-RQSBJ,0.7509898987740384,0.24901010122596157
542,3411-WLRSQ,0.6844072571835584,0.31559274281644156
543,0731-EBJQB,0.021627665922589304,0.9783723340774106
544,3161-ONRWK,0.009664001307612633,0.9903359986923874
545,3086-RUCRN,0.12592091763336405,0.874079082366636
546,5397-NSKQG,0.012503873497317231,0.9874961265026828
547,9117-SHLZX,0.5664620075351756,0.4335379924648244
548,9496-IVVRP,0.13404673215513524,0.8659532678448647
549,6500-JVEGC,0.09614646007571044,0.9038535399242895
550,5522-NYKPB,0.34847845159007224,0.6515215484099277
551,1450-SKCVI,0.16437106411896446,0.8356289358810356
552,2207-NHRJK,0.5373895987602134,0.4626104012397866
553,2609-IAICY,0.8979536573917758,0.1020463426082242
554,9220-ZNKJI,0.013256206689661966,0.986743793310338
555,5228-EXCET,0.6185867514047677,0.3814132485952323
556,8318-LCNBW,0.047593740356380386,0.9524062596436196
557,8246-SHFGA,0.0738728768102248,0.9261271231897752
558,0323-XWWTN,0.012803202939803332,0.9871967970601967
559,9411-TPQQV,0.07935989490776033,0.9206401050922397
560,3982-DQLUS,0.2544086457470525,0.7455913542529475
561,1830-IPXVJ,0.000932915333816737,0.9990670846661832
562,1763-KUAAW,0.026775305632993105,0.9732246943670069
563,8668-KNZTI,0.11193123172518409,0.888068768274816
564,6199-IPCAO,0.002826900728041324,0.9971730992719586
565,1530-ZTDOZ,0.06611693654422657,0.9338830634557734
566,3247-ZVOUO,0.6261704917637305,0.3738295082362695
567,4713-ZBURT,0.05541201823055956,0.9445879817694405
568,5312-TSZVC,0.011746511202104265,0.9882534887978958
569,1934-SJVJK,0.49340494361728743,0.5065950563827126
570,7729-JTEEC,0.49468931438307734,0.5053106856169227
571,7207-RMRDB,0.4453781350168044,0.5546218649831955
572,5327-XOKKY,0.018203903316325556,0.9817960966836744
573,6425-JWTDV,0.0009914016243636275,0.9990085983756364
574,9763-PDTKK,0.5815959468025464,0.41840405319745355
575,9904-EHEVJ,0.39984944876997286,0.6001505512300271
576,7997-EASSD,0.016398286548631142,0.9836017134513688
577,0854-UYHZD,0.002375435196095947,0.997624564803904
578,2160-GPFXD,0.004546052374565496,0.9954539476254345
579,3717-FDJFU,0.007543039300615026,0.9924569606993849
580,7968-QUXNS,0.11010078446905659,0.8898992155309434
581,7696-AMHOD,0.07781816793165208,0.9221818320683479
582,3234-VKACU,0.5165736020956215,0.48342639790437847
583,1641-RQDAY,0.6476835132876114,0.3523164867123886
584,5498-TXHLF,0.3776856018548092,0.6223143981451909
585,8417-GSODA,0.127911142117482,0.872088857882518
586,4282-YMKNA,0.5866335812686019,0.4133664187313981
587,6817-WTYHE,0.5029716202020855,0.4970283797979145
588,0970-QXPXW,0.39843780003882295,0.6015621999611771
589,5269-NRGDP,0.10414556841095593,0.8958544315890441
590,7096-ZNBZI,0.0010459393023270938,0.9989540606976729
591,3669-OYSJI,0.37504326503003327,0.6249567349699667
592,6407-UTSLV,0.8776646477620682,0.1223353522379318
593,4439-JMPMT,0.6737321634358918,0.3262678365641082
594,5762-TJXGK,0.014691354460023918,0.9853086455399761
595,7694-VLBWQ,0.40506227826327784,0.5949377217367222
596,7240-FQLHE,0.5703474263992564,0.4296525736007436
597,1596-OQSPS,0.22118836044675136,0.7788116395532486
598,5574-NXZIU,0.04337157895153646,0.9566284210484636
599,4257-GAESD,0.43742289304231347,0.5625771069576866
600,6339-DKLMK,0.45534225097167447,0.5446577490283255
601,5835-BEQEU,0.7344819820574988,0.2655180179425012
602,3842-QTGDL,0.21045175905929903,0.789548240940701
603,7138-GIRSH,0.008416578484778694,0.9915834215152213
604,1035-IPQPU,0.5356474081773936,0.46435259182260635
605,8189-XRIKE,0.5383893519871548,0.46161064801284524
606,4238-HFHSN,0.19174801349354353,0.8082519865064565
607,3243-ZHOHY,0.01693699120327487,0.9830630087967251
608,4990-ALDGW,0.0014510944021745764,0.9985489055978254
609,1728-CXQBE,0.26599716774910587,0.7340028322508941
610,6960-HVYXR,0.8288551006685813,0.17114489933141874
611,6946-LMSQS,0.22181531704693402,0.778184682953066
612,9381-NDKME,0.43473640098586835,0.5652635990141317
613,5975-BAICR,0.0645256820213272,0.9354743179786728
614,7580-UGXNC,0.5108272517699517,0.4891727482300483
615,2460-FPSYH,0.3429372637153579,0.6570627362846422
616,0815-MFZGM,0.0279127760888228,0.9720872239111772
617,1460-UZPRJ,0.0009091497718351362,0.9990908502281649
618,4648-YPBTM,0.007739106422246204,0.9922608935777538
619,2672-OJQZP,0.36923608537538016,0.6307639146246198
620,0412-UCCNP,0.01927816481533806,0.9807218351846619
621,3374-TTZTK,0.0874436434472724,0.9125563565527276
622,3190-XFANI,0.13660163732708974,0.8633983626729103
623,2676-SSLTO,0.017744271527522407,0.9822557284724776
624,9895-VFOXH,0.352393907765609,0.6476060922343909
625,8756-RDDLT,0.10397647378562017,0.8960235262143799
626,0014-BMAQU,0.006084539218628375,0.9939154607813716
627,0744-BIKKF,0.003938582749553593,0.9960614172504464
628,1872-EBWSC,0.004893081105858563,0.9951069188941415
629,9873-MNDKV,0.23464950475020285,0.7653504952497971
630,5707-ZMDJP,0.003629272806377503,0.9963707271936225
631,8317-BVKSO,0.15242409641671806,0.8475759035832819
632,4607-CHPCA,0.3775960778538758,0.6224039221461242
633,5170-PTRKA,0.015740725870948487,0.9842592741290516
634,4070-OKWVH,0.08525552573639741,0.9147444742636026
635,3034-ZBEQN,0.019271211562099058,0.9807287884379009
636,4210-QFJMF,0.7341181832276228,0.2658818167723772
637,0280-XJGEX,0.360602535506054,0.639397464493946
638,5732-IKGQH,0.14456073265739683,0.8554392673426032
639,0258-NOKBL,0.6044998511313836,0.3955001488686164
640,2320-YKQBO,0.12132863321956437,0.8786713667804357
641,3452-FLHYD,0.011939926176266269,0.9880600738237337
642,5167-ZFFMM,0.8015308444588817,0.19846915554111833
643,5231-FIQPA,0.0018301769174357667,0.9981698230825642
644,4883-KCPZJ,0.00641236240798907,0.993587637592011
645,3908-MKIMJ,0.061193301433479536,0.9388066985665204
646,6778-EICRF,0.06672126524798189,0.9332787347520182
647,6476-YHMGA,0.2734251733132956,0.7265748266867045
648,8039-ACLPL,0.0026257010432623917,0.9973742989567376
649,6502-HCJTI,0.5691206251114608,0.4308793748885392
650,3376-BMGFE,0.5787937045365854,0.4212062954634146
651,7627-JKIAZ,0.28803752667145516,0.7119624733285448
652,9339-FIIJL,0.005291151508761008,0.994708848491239
653,6741-EGCBI,0.5491093081711912,0.4508906918288088
654,4472-VESGY,0.1169260482091102,0.8830739517908898
655,0411-EZJZE,0.5869419225077102,0.41305807749228984
656,2181-UAESM,0.5866527111165831,0.4133472888834169
657,6797-UCJHZ,0.29730385692881367,0.7026961430711863
658,1764-VUUMT,0.0011034015913906274,0.9988965984086093
659,5304-EFJLP,0.008558886209018523,0.9914411137909814
660,1389-WNUIB,0.055953146089225164,0.9440468539107748
661,6475-VHUIZ,0.13380195850187668,0.8661980414981233
662,9778-OGKQZ,0.0039073944946988615,0.9960926055053011
663,9313-CDOGY,0.031873749984277805,0.9681262500157222
664,4588-YBNIB,0.5345524066710126,0.46544759332898744
665,7777-UNYHB,0.07976699479810236,0.9202330052018977
666,3199-XGZCY,0.5690683056893135,0.43093169431068645
667,3804-RVTGV,0.21627521761624854,0.7837247823837514
668,1092-WPIVQ,0.006163219643063581,0.9938367803569365
669,2959-MJHIC,0.7191207364587073,0.28087926354129267
670,7328-ZJAJO,0.0007145496173895223,0.9992854503826105
671,9761-XUJWD,0.28911885699729395,0.710881143002706
672,3003-CMDUU,0.6338228240326972,0.3661771759673028
673,0015-UOCOJ,0.5123417493898534,0.48765825061014656
674,4010-YLMVT,0.18874034315923974,0.8112596568407603
675,3873-WOSBC,0.0018466936101145187,0.9981533063898855
676,8410-BGQXN,0.10595607180400941,0.8940439281959905
677,6549-YMFAW,0.11538428815302039,0.8846157118469796
678,2900-PHPLN,0.0012503210779241708,0.9987496789220758
679,5461-QKNTN,0.2677605104629908,0.7322394895370092
680,1535-VTJOQ,0.006546046795693274,0.9934539532043067
681,4186-ZBUEW,0.10154046764436477,0.8984595323556352
682,7421-ZLUPA,0.22078498877716718,0.7792150112228329
683,3871-IKPYH,0.92346514514222,0.07653485485778
684,4192-GORJT,0.8612170626540451,0.13878293734595493
685,5356-KZCKT,0.0023585659129825793,0.9976414340870174
686,1386-ZIKUV,0.20993561158496285,0.7900643884150371
687,0274-JKUJR,0.18061914468337542,0.8193808553166246
688,2080-GKCWQ,0.5565417369351706,0.4434582630648294
689,6311-UEUME,0.5868962505819595,0.4131037494180405
690,8372-JUXUI,0.8103498884569779,0.18965011154302214
691,6288-LBEAR,0.14798846169226357,0.8520115383077365
692,6746-WAUWT,0.01827687517429138,0.9817231248257087
693,9495-REDIY,0.07388192239786262,0.9261180776021374
694,8849-AYPTR,0.4233081503174726,0.5766918496825274
695,8993-PHFWD,0.6299269563820333,0.37007304361796667
696,8595-SIZNC,0.03097549552855387,0.9690245044714462
697,4641-FROLU,0.0006197975905230025,0.999380202409477
698,2982-IHMFT,0.8338188451171827,0.16618115488281726
699,0354-WYROK,0.5344720297165909,0.4655279702834091
700,1741-WTPON,0.03927518767684094,0.9607248123231591
701,3845-FXCYS,0.30306528064525473,0.6969347193547453
702,2933-XEUJM,0.016348059358836223,0.9836519406411638
703,7825-ECJRF,0.6135862292888741,0.3864137707111259
704,8108-UXRQN,0.24642956328416535,0.7535704367158347
705,7233-PAHHL,0.01313748311602966,0.9868625168839703
706,5153-LXKDT,0.18048204414383218,0.8195179558561678
707,5110-CHOPY,0.04581270181831714,0.9541872981816829
708,8164-OCKUJ,0.000980164200226337,0.9990198357997737
709,7269-JISCY,0.05057878886228991,0.94942121113771
710,6598-RFFVI,0.006555174094708434,0.9934448259052916
711,6777-TGHTM,0.12184168535179495,0.878158314648205
712,8735-NBLWT,0.08236016561720821,0.9176398343827918
713,4220-TINQT,0.21732406142303032,0.7826759385769697
714,9776-OJUZI,0.309733737043271,0.690266262956729
715,6877-TJMBR,0.7639909285478813,0.2360090714521187
716,9092-GDZKO,0.12028906684869091,0.8797109331513091
717,5948-UJZLF,0.41191401080513845,0.5880859891948615
718,5027-YOCXN,0.1443393506288577,0.8556606493711423
719,9906-NHHVC,0.03665328470416293,0.963346715295837
720,1196-AMORA,0.5776374984445722,0.42236250155542776
721,5600-KTXFM,0.5562420548916042,0.44375794510839583
722,7293-LSCDV,0.001223818874728309,0.9987761811252717
723,4927-WWOOZ,0.8629213979786975,0.1370786020213025
724,8148-NLEGT,0.009228982267793786,0.9907710177322062
725,2115-BFTIW,0.15688131516985485,0.8431186848301452
726,9451-WLYRI,0.002744384432834828,0.9972556155671651
727,8844-TONUD,0.553910116351925,0.446089883648075
728,4232-JGKIY,0.217583375639251,0.782416624360749
729,0784-ZQJZX,0.0005705142148209787,0.999429485785179
730,4827-DPADN,0.003872647096790264,0.9961273529032098
731,1077-HUUJM,0.5630249522689724,0.4369750477310276
732,5287-QWLKY,0.12343313598484225,0.8765668640151577
733,6695-FRVEC,0.004632604642161454,0.9953673953578386
734,2533-TIBIX,0.19633812042660057,0.8036618795733994
735,8792-AOROI,0.010766957259548073,0.9892330427404519
736,5846-ABOBJ,0.0008508059736059962,0.999149194026394
737,4236-UJPWO,0.3972494244599427,0.6027505755400573
738,9591-YVTEB,0.34801720420196514,0.6519827957980349
739,5482-VXSXJ,0.5513165897589856,0.44868341024101444
740,1269-FOYWN,0.00438394388941153,0.9956160561105885
741,4248-QPAVC,0.40377360391982675,0.5962263960801732
742,6967-QIQRV,0.3929730874931787,0.6070269125068213
743,6927-WTFIV,0.28762794179542134,0.7123720582045787
744,3363-EWLGO,0.09479241378302974,0.9052075862169703
745,5382-SOYZL,0.7615249369573966,0.23847506304260335
746,9269-CQOOL,0.40555857573215515,0.5944414242678449
747,4193-IBKSW,0.0008335678551905023,0.9991664321448095
748,9586-JGQKH,0.02119628236944727,0.9788037176305527
749,6122-LJADA,0.006501548935616764,0.9934984510643833
750,5006-MXVRN,0.0025630395261535977,0.9974369604738464
751,2181-TIDSV,0.0006603866450127202,0.9993396133549873
752,5402-HTOTQ,0.33983647807190703,0.660163521928093
753,3758-CKOQL,0.07591442400250108,0.924085575997499
754,8268-YDIXR,0.06173299960290358,0.9382670003970964
755,4016-BJKTZ,0.2572544052298458,0.7427455947701542
756,6719-FGEDO,0.002652334602822302,0.9973476653971777
757,9793-WECQC,0.33316923368522733,0.6668307663147727
758,8819-IMISP,0.4734701515089606,0.5265298484910395
759,0704-VCUMB,0.0014133996436008446,0.9985866003563991
760,7881-EVUAD,0.6658508446379512,0.3341491553620488
761,0754-UKWQP,0.8559432463709982,0.14405675362900183
762,2921-XWDJH,0.6149374582002016,0.3850625417997984
763,1184-PJVDB,0.6428003793089039,0.3571996206910961
764,5505-OVWQW,0.015609226947181688,0.9843907730528183
765,2091-MJTFX,0.053355082937749425,0.9466449170622506
766,2882-WDTBA,0.004204720277401735,0.9957952797225983
767,0930-EHUZA,0.0669128083751238,0.9330871916248762
768,9659-QEQSY,0.3924443163911764,0.6075556836088236
769,1265-HVPZB,0.021482754457392096,0.9785172455426079
770,5329-KRDTM,0.011288024744621462,0.9887119752553786
771,5044-LRQAQ,0.40981798023444005,0.59018201976556
772,6341-JVQGF,0.07873587966428493,0.921264120335715
773,7297-DVYGA,0.004507292262953197,0.9954927077370468
774,0486-LGCCH,0.0032561393819763745,0.9967438606180237
775,4145-UQXUQ,0.7826226324687964,0.21737736753120362
776,8015-IHCGW,0.011452985233594887,0.9885470147664052
777,6377-KSLXC,0.10355733899490618,0.8964426610050938
778,1401-FTHFQ,0.009507144209488333,0.9904928557905117
779,4018-KJYUY,0.07632064073787563,0.9236793592621244
780,7268-WNTCP,0.0010656190148755867,0.9989343809851244
781,2541-YGPKE,0.0673591639200792,0.9326408360799208
782,0307-BCOPK,0.008419504964050972,0.991580495035949
783,0530-IJVDB,0.04849306764940128,0.9515069323505987
784,4817-KEQSP,0.0004654463656989266,0.9995345536343011
785,2690-DVRVK,0.0380518624223797,0.9619481375776203
786,0310-SUCIN,0.01324638060917359,0.9867536193908264
787,3161-GETRM,0.24345884986777705,0.756541150132223
788,5055-MGMGF,0.47864514928394564,0.5213548507160544
789,6664-FPDAC,0.22832407109456218,0.7716759289054378
790,7208-PSIHR,0.05259200418201555,0.9474079958179844
791,4360-QRAVE,0.26913901194342493,0.7308609880565751
792,4765-OXPPD,0.08332587603886321,0.9166741239611368
793,4039-HEUNW,0.5715005199437123,0.4284994800562877
794,5569-OUICF,0.49320891632477504,0.506791083675225
795,0281-CNTZX,0.0009782615283938114,0.9990217384716061
796,5321-NTRKC,0.02716301515538394,0.9728369848446161
797,5686-CMAWK,0.09698528447103219,0.9030147155289678
798,8775-ERLNB,0.7941504589113756,0.2058495410886244
799,6635-MYYYZ,0.05724508914095929,0.9427549108590407
800,6185-TASNN,0.739932993890472,0.26006700610952804
801,5027-QPKTE,0.48644701258944195,0.513552987410558
802,5996-NRVXR,0.10373104702721768,0.8962689529727823
803,7449-HVPIV,0.10520609986456614,0.8947939001354339
804,6848-HJTXY,0.0007486367960782605,0.9992513632039217
805,3398-FSHON,0.7743806578228657,0.2256193421771343
806,9752-ZNQUT,0.6081628251069208,0.39183717489307923
807,5816-JMLGY,0.007476010320910191,0.9925239896790898
808,7036-TYDEC,0.14775162253504243,0.8522483774649576
809,0637-KVDLV,0.7984789504181604,0.20152104958183958
810,6393-WRYZE,0.5808237168927977,0.41917628310720234
811,7036-ZZKBD,0.06157313370962465,0.9384268662903753
812,9386-LDCZR,0.017813449283329914,0.98218655071667
813,9137-UIYPG,0.37105711161413424,0.6289428883858658
814,2782-JEEBU,0.12236931015841693,0.8776306898415831
815,7581-EBBOU,0.021930924028968266,0.9780690759710318
816,0524-IAVZO,0.48948244557302634,0.5105175544269737
817,3091-FYHKI,0.8081611986453103,0.19183880135468967
818,2079-FBMZK,0.44962284236411826,0.5503771576358818
819,1297-VQDRP,0.13117035398441784,0.8688296460155822
820,0181-RITDD,0.014853435586584252,0.9851465644134157
821,7156-MXBJE,0.05591105604653208,0.9440889439534679
822,3709-OIJEA,0.09145275433667172,0.9085472456633283
823,0637-UBJRP,0.4916437194494495,0.5083562805505505
824,3549-ZTMNH,0.010881624665796756,0.9891183753342032
825,2372-HWUHI,0.45296630650451497,0.547033693495485
826,2018-PZKMU,0.7645857881394933,0.2354142118605067
827,1052-QJIBV,0.0005002529367910424,0.999499747063209
828,3635-QQRQD,0.0013598443840042611,0.9986401556159957
829,1094-BKOSX,0.06967234733021971,0.9303276526697803
830,9362-MWODR,0.18062183892308725,0.8193781610769127
831,1623-NLDOT,0.015064461896857591,0.9849355381031424
832,6633-SYEUS,0.1305808260551379,0.8694191739448621
833,1862-QRWPE,0.0017525384496620932,0.9982474615503379
834,3566-CAAYU,0.02368221020105083,0.9763177897989491
835,5896-NPFWW,0.550077177258826,0.449922822741174
836,3520-FJGCV,0.004131919720898424,0.9958680802791016
837,4390-KYULV,0.08712545497735376,0.9128745450226462
838,7233-IOQNP,0.04395579957520156,0.9560442004247984
839,1814-DKOLC,0.19563676827222423,0.8043632317277758
840,0193-ESZXP,0.20230802298124448,0.7976919770187555
841,6559-PDZLR,0.6339860505665147,0.3660139494334853
842,8705-DWKTI,0.14305263555869824,0.8569473644413017
843,5788-YPOEG,0.012399615225772096,0.987600384774228
844,8028-PNXHQ,0.001604651833711551,0.9983953481662885
845,5143-EGQFK,0.4562774219780019,0.5437225780219981
846,9805-FILKB,0.007862776514207599,0.9921372234857924
847,1925-LFCZZ,0.10886911479936073,0.8911308852006392
848,3396-DKDEL,0.013555301810143746,0.9864446981898563
849,0388-EOPEX,0.665452641002931,0.334547358997069
850,3146-JTQHR,0.015434870130908883,0.9845651298690912
851,9540-JYROE,0.3290802528824149,0.6709197471175852
852,4311-QTTAI,0.012313934005288409,0.9876860659947115
853,5317-FLPJF,0.008166481021267043,0.991833518978733
854,7629-WFGLW,0.056700989682796056,0.943299010317204
855,2159-TURXX,0.11796359777665326,0.8820364022233468
856,4854-SSLTN,0.01500989920812823,0.9849901007918718
857,6198-ZFIOJ,0.6530583661739177,0.34694163382608234
858,2718-GAXQD,0.5093177245297336,0.49068227547026644
859,5035-BVCXS,0.45036782651473156,0.5496321734852685
860,3973-SKMLN,0.0006404692856972651,0.9993595307143027
861,3999-WRNGR,0.19767420722145634,0.8023257927785437
862,2091-RFFBA,0.5994709295674635,0.4005290704325365
863,3045-XETSH,0.5398309528929793,0.46016904710702067
864,8999-XXGNS,0.12065810558146478,0.8793418944185352
865,6007-TCTST,0.004355914625481351,0.9956440853745187
866,5893-PYOLZ,0.009912158293322528,0.9900878417066775
867,7670-ZBPOQ,0.02089426575767646,0.9791057342423235
868,8713-IGZSO,0.3238542677040107,0.6761457322959893
869,2277-AXSDC,0.004378484756204266,0.9956215152437957
870,5666-CYCYZ,0.5705716566133214,0.42942834338667857
871,0691-JVSYA,0.04665724644360104,0.953342753556399
872,8133-ANHHJ,0.11595527333150654,0.8840447266684934
873,8903-XEBGX,0.6956565016298565,0.3043434983701435
874,6689-VRRTK,0.23010256313525002,0.76989743686475
875,4335-BSMJS,0.0024516913033339202,0.9975483086966661
876,7978-DKUQH,0.4480107064279001,0.5519892935720999
877,9822-BIIGN,0.07585849255253517,0.9241415074474648
878,4522-XRWWI,0.04761340763648576,0.9523865923635142
879,8562-GHPPI,0.124211552853975,0.875788447146025
880,6278-FEPBZ,0.08271772391890007,0.9172822760810999
881,5681-LLOEI,0.01569534598772524,0.9843046540122747
882,9055-MOJJJ,0.015971974470782645,0.9840280255292173
883,5213-TWWJU,0.23551818062623014,0.7644818193737699
884,6851-WEFYX,0.6955862629531994,0.30441373704680064
885,6345-ULYRW,0.05910771972592821,0.9408922802740718
886,6210-KBBPI,0.8818804774660696,0.11811952253393043
887,5047-LHVLY,0.7351803563027683,0.26481964369723165
888,8414-MYSHR,0.870008030615967,0.129991969384033
889,4106-HADHQ,0.05416671360560722,0.9458332863943928
890,8215-NGSPE,0.0012805047451380496,0.9987194952548619
891,3567-PQTSO,0.28306624586040446,0.7169337541395955
892,6839-ITVZJ,0.07522160118359503,0.924778398816405
893,3211-AAPKX,0.4938889596459406,0.5061110403540594
894,5022-JNQEQ,0.4158588194855789,0.5841411805144211
895,0794-YVSGE,0.0005488410392509666,0.999451158960749
896,2691-NZETQ,0.7035409863674371,0.2964590136325629
897,0577-WHMEV,0.34116183048880555,0.6588381695111944
898,9451-LPGOO,0.6699470958971936,0.3300529041028064
899,4501-VCPFK,0.10885894583456883,0.8911410541654312
900,6305-YLBMM,0.11950296603756053,0.8804970339624395
901,5159-YFPKQ,0.7868653018045537,0.21313469819544628
902,3870-MQAMG,0.2706661134615861,0.7293338865384139
903,6961-VCPMC,0.45545081193779813,0.5445491880622019
904,0513-RBGPE,0.02095218741179657,0.9790478125882034
905,8990-ZXLSU,0.38469230743847144,0.6153076925615286
906,4716-MRVEN,0.0037331771349765628,0.9962668228650234
907,5989-PGKJB,0.48733308640363626,0.5126669135963637
908,5091-HFAZW,0.7138411087677504,0.2861588912322496
909,4116-IQRFR,0.01980397399923333,0.9801960260007667
910,8012-SOUDQ,0.41960696478048765,0.5803930352195124
911,8993-IZEUX,0.3771339108213331,0.6228660891786669
912,7274-CGTOD,0.007414090634612959,0.992585909365387
913,4616-EWBNJ,0.019536171946732545,0.9804638280532675
914,7014-ZZXAW,0.0008925403665887493,0.9991074596334113
915,9847-HNVGP,0.01078477322886452,0.9892152267711355
916,6015-VVHHE,0.8300353949663759,0.1699646050336241
917,8761-NSOBC,0.4490784030296423,0.5509215969703577
918,6762-NSODU,0.0010425903796122266,0.9989574096203878
919,4672-FOTSD,0.18162300070778886,0.8183769992922112
920,4043-MKDTV,0.028587844572408948,0.9714121554275911
921,4403-BWPAY,0.041614315425929124,0.9583856845740709
922,4328-VUFWD,0.10724395183579866,0.8927560481642014
923,0107-YHINA,0.9504820640254829,0.04951793597451715
924,8642-GVWRF,0.7082131783812828,0.29178682161871716
925,5207-PLSTK,0.49277734630976733,0.5072226536902327
926,8198-RKSZG,0.260659246026723,0.739340753973277
927,7873-CVMAW,0.003924075655708641,0.9960759243442914
928,9436-ZBZCT,0.6301378245480557,0.36986217545194433
929,4295-YURET,0.020451386124000163,0.9795486138759998
930,5146-CBVOE,0.2614617665934685,0.7385382334065316
931,3605-JISKB,0.05533797221799699,0.944662027782003
932,4391-RESHN,0.5128496217367581,0.4871503782632419
933,1010-DIAUQ,0.7634628889454551,0.2365371110545449
934,0343-QLUZP,0.010681075842451886,0.9893189241575481
935,8006-PYCSW,0.11583510743741766,0.8841648925625823
936,5313-FPXWG,0.0075355505495576375,0.9924644494504423
937,7161-DFHUF,0.000797826845716662,0.9992021731542834
938,7131-ZQZNK,0.007978364881505719,0.9920216351184943
939,5716-EZXZN,0.024684306440814097,0.9753156935591859
940,7321-KKSDU,0.0018041631172154035,0.9981958368827846
941,2683-BPJSO,0.41435613743623534,0.5856438625637647
942,0254-WWRKD,0.02113963760962405,0.978860362390376
943,4529-CKBCL,0.8010959716914254,0.19890402830857457
944,5451-MHQOF,0.005053939242742689,0.9949460607572573
945,6242-MBHPK,0.7285268386632116,0.27147316133678845
946,8952-WCVCD,0.17075016853551822,0.8292498314644818
947,4923-ADWXJ,0.10020873216922746,0.8997912678307726
948,6631-HMANX,0.005894256713326445,0.9941057432866736
949,8597-CTXVJ,0.008140481333204245,0.9918595186667958
950,6583-SZVGP,0.030961937772321164,0.9690380622276789
951,4324-AHJKS,0.30235204389286346,0.6976479561071365
952,6557-BZXLQ,0.46714018217728576,0.5328598178227142
953,2243-FNMMI,0.0428428713307206,0.9571571286692794
954,2073-QBVBI,0.012541545590626039,0.987458454409374
955,4707-MAXGU,0.0011236490330729589,0.9988763509669271
956,6473-ULUHT,0.23576176908163837,0.7642382309183616
957,5793-YOLJN,0.0010090916814559675,0.998990908318544
958,6386-SZZKH,0.02837807760971602,0.971621922390284
959,3308-MHOOC,0.23176701140103884,0.7682329885989612
960,3882-IYOIJ,0.022855188909520728,0.9771448110904792
961,0870-VEMYL,0.33705116499777366,0.6629488350022263
962,5248-YGIJN,0.004035053432634861,0.9959649465673651
963,1482-OXZSY,0.4197072897137452,0.5802927102862547
964,5795-KTGUD,0.08811361329747379,0.9118863867025262
965,7115-IRDHS,0.0008156621173830419,0.999184337882617
966,0392-BZIUW,0.024884231036461105,0.9751157689635389
967,5356-CSVSQ,0.32843269180188017,0.6715673081981198
968,2606-PKWJB,0.014887737086318593,0.9851122629136814
969,7593-XFKDI,0.4608767398274972,0.5391232601725028
970,8746-BFOAJ,0.02524693006527687,0.9747530699347231
971,8815-LMFLX,0.06164962318212722,0.9383503768178728
972,6366-ZGQGL,0.3822293484265168,0.6177706515734832
973,3272-VUHPV,0.1810602227487573,0.8189397772512427
974,4361-JEIVL,0.598687118749903,0.401312881250097
975,0843-WTBXE,0.1396930639893441,0.8603069360106559
976,6077-BDPXA,0.6391362704358705,0.3608637295641295
977,4803-LBYPN,0.013268982002254357,0.9867310179977457
978,9564-KCLHR,0.42520759138628905,0.574792408613711
979,1928-BXYIV,0.6987979950556339,0.3012020049443661
980,2860-RANUS,0.45408885240073205,0.545911147599268
981,3266-FTKHB,0.002267940238980429,0.9977320597610195
982,5515-AKOAJ,0.446242723859611,0.553757276140389
983,2150-WLKUW,0.06816118229335505,0.931838817706645
984,5027-XWQHA,0.3836710982910906,0.6163289017089094
985,2023-VQFDL,0.10398431762347411,0.8960156823765258
986,2019-HDCZY,0.2541564603944307,0.7458435396055694
987,0567-GGCAC,0.21107981581063323,0.7889201841893667
988,3315-TOTBP,0.39226440244575417,0.6077355975542458
989,3570-YUEKJ,0.1358333966837069,0.8641666033162931
990,9069-LGEUL,0.1247768161886502,0.8752231838113498
991,5696-JVVQY,0.016160739499356924,0.9838392605006431
992,2144-ESWKO,0.03205412153836569,0.9679458784616343
993,2696-NARTR,0.5498931612121479,0.45010683878785207
994,1775-KWJKQ,0.005247642291321869,0.9947523577086781
995,6729-FZWSY,0.0026382258587220792,0.9973617741412779
996,2190-BCXEC,0.17372473194183954,0.8262752680581604
997,1853-ARAAQ,0.1046900413111513,0.8953099586888487
998,9448-REEVD,0.23214465195370246,0.7678553480462975
999,8111-RKSPX,0.5696432126068223,0.43035678739317773
1000,9602-WCXPI,0.00787921024743597,0.992120789752564
1001,3192-LNKRK,0.27493558612550295,0.725064413874497
1002,5996-EBTKM,0.005306013729522507,0.9946939862704774
1003,3841-NFECX,0.005505603680757634,0.9944943963192424
1004,7979-CORPM,0.48180952890986717,0.5181904710901328
1005,3221-CJMSG,0.12048515402457412,0.8795148459754258
1006,0678-RLHVP,0.1242804450003365,0.8757195549996635
1007,9957-YODKZ,0.8011099354623252,0.19889006453767477
1008,6937-GCDGQ,0.061102065137576454,0.9388979348624236
1009,3387-VATUS,0.7634574460512095,0.23654255394879053
1010,7928-VJYAB,0.6118799326711261,0.38812006732887394
1011,9134-WYRVP,0.03399404906976988,0.9660059509302301
1012,9079-LWTFD,0.20958036821203624,0.7904196317879637
1013,5294-DMSFH,0.31301125973376415,0.6869887402662358
1014,9692-TUSXH,0.6458416671095275,0.3541583328904725
1015,8106-GWQOK,0.0173914871711245,0.9826085128288755
1016,5233-AOZUF,0.43850617365073236,0.5614938263492677
1017,9619-GSATL,0.12508000390792176,0.8749199960920783
1018,8270-RKSAP,0.48770173803543904,0.512298261964561
1019,1218-VKFPE,0.04615948415842146,0.9538405158415786
1020,4625-XMOYM,0.000766487337053557,0.9992335126629465
1021,8780-RSYYU,0.04958614548290504,0.9504138545170949
1022,4993-JCRGJ,0.2386265542481907,0.7613734457518093
1023,4452-QIIEB,0.22414432377315505,0.7758556762268449
1024,6360-SVNWV,0.3432562630043762,0.6567437369956237
1025,9633-DENPU,0.17743272766803914,0.8225672723319608
1026,7799-DSEWS,0.2235588428707299,0.7764411571292701
1027,0298-XACET,0.00787628351497345,0.9921237164850265
1028,3806-YAZOV,0.10615367854680677,0.8938463214531932
1029,2484-DGXPZ,0.015136702678461674,0.9848632973215383
1030,6507-ZJSUR,0.7160131064977463,0.2839868935022537
1031,1268-ASBGA,0.5554412845293043,0.4445587154706957
1032,9667-TKTVZ,0.4322237560734991,0.5677762439265008
1033,5980-BDHPY,0.003670121758315454,0.9963298782416845
1034,7619-ODSGN,0.10234161032415857,0.8976583896758414
1035,1226-JZNKR,0.040056192278494385,0.9599438077215057
1036,5915-DGNVC,0.07894814372844874,0.9210518562715513
1037,1550-LOAHA,0.3551592066238407,0.6448407933761593
1038,3458-IDMFK,0.004282473218494274,0.9957175267815057
1039,9631-XEYKE,0.4706586380985012,0.5293413619014988
1040,2740-JFBOK,0.24947300460860966,0.7505269953913903
1041,1545-JFUML,0.03495085113771187,0.9650491488622881
1042,9138-EFSMO,0.040625887992746024,0.959374112007254
1043,9975-GPKZU,0.001541195011796689,0.9984588049882033
1044,5115-SQAAU,0.0011753289740567988,0.9988246710259432
1045,9614-RMGHA,0.15040837813953953,0.8495916218604604
1046,9700-ISPUP,0.15851711231818755,0.8414828876818125
1047,5386-THSLQ,0.0684846692456793,0.9315153307543207
1048,9513-DXHDA,0.0791931077206711,0.9208068922793289
1049,2065-MMKGR,0.05458756711417031,0.9454124328858297
1050,7660-HDPJV,0.9215168654539881,0.07848313454601186
1051,2586-CWXVV,0.10605009470934622,0.8939499052906538
1052,6322-HRPFA,0.09744494319556851,0.9025550568044315
1053,6479-SZPLM,0.0009096161255397667,0.9990903838744603
1054,4806-DXQCE,0.07827868163721202,0.9217213183627879
1055,7249-WBIYX,0.6914384483093222,0.3085615516906778
1056,6283-GITPX,0.0029537382788106933,0.9970462617211893
1057,8749-TZYEC,0.0010861870743405558,0.9989138129256594
1058,1960-UOTYM,0.021866376721720288,0.9781336232782797
1059,6663-JOCQO,0.08738708520929123,0.9126129147907087
1060,7919-ZODZZ,0.06327621117327832,0.9367237888267217
1061,0133-BMFZO,0.461761245632659,0.538238754367341
1062,1724-IQWNM,0.3120038668976767,0.6879961331023233
1063,0696-UKTOX,0.1420498882044535,0.8579501117955465
1064,7055-VKGDA,0.1009025728567021,0.8990974271432979
1065,3638-DIMPH,0.1011802553286083,0.8988197446713917
1066,9432-VOFYX,0.4217293222390829,0.5782706777609171
1067,4962-CHQPW,0.003263875998934682,0.9967361240010654
1068,7446-KQISO,0.07562836007079551,0.9243716399292045
1069,5651-CPDND,0.22668109588448113,0.7733189041155188
1070,9170-GYZJC,0.06639390914744561,0.9336060908525544
1071,8010-EZLOU,0.5586408926819617,0.4413591073180383
1072,3506-LCJDC,0.23521198785672495,0.7647880121432751
1073,2292-XQWSV,0.12473395121296167,0.8752660487870383
1074,2346-LOCWC,0.0014039900715928908,0.9985960099284071
1075,7639-OPLNG,0.004250035285117688,0.9957499647148823
1076,0842-IWYCP,0.14687515132397475,0.8531248486760252
1077,5019-GQVCR,0.5430905067694191,0.45690949323058094
1078,2293-IJWPS,0.1769197798627755,0.8230802201372245
1079,9896-UYMIE,0.11325450713998017,0.8867454928600198
1080,6235-VDHOM,0.5257539399876344,0.4742460600123656
1081,3785-KTYSH,0.0019335801471188263,0.9980664198528811
1082,5366-OBVMR,0.11759334801393113,0.8824066519860688
1083,6377-WHAOX,0.4102388480894395,0.5897611519105606
1084,8807-ARQET,0.21887412202164394,0.7811258779783561
1085,6175-IRFIT,0.6014216685559776,0.39857833144402244
1086,8059-UDZFY,0.4462403522979134,0.5537596477020865
1087,3049-NDXFL,0.7688228455291884,0.23117715447081155
1088,4277-PVRAN,0.5391606281514992,0.46083937184850077
1089,7531-GQHME,0.07768154106455763,0.9223184589354424
1090,5567-WSELE,0.7971380212796523,0.20286197872034772
1091,6115-ZTBFQ,0.0022862192670971113,0.9977137807329028
1092,6371-NZYEG,0.012979822508624906,0.987020177491375
1093,7196-LIWRH,0.0056601039746619975,0.994339896025338
1094,1663-MHLHE,0.07944743455344148,0.9205525654465585
1095,4707-YNOQA,0.013406192539716972,0.986593807460283
1096,9574-BOSMD,0.0012780107379868101,0.9987219892620132
1097,7893-IXHRQ,0.37988862098836107,0.6201113790116389
1098,2530-FMFXO,0.08597588230262382,0.9140241176973762
1099,6923-AQONU,0.0023115445527478067,0.9976884554472522
1100,9274-UARKJ,0.5020862807408638,0.4979137192591362
1101,9359-JANWS,0.005279703760128706,0.9947202962398713
1102,3643-AHCFP,0.8066083693577758,0.1933916306422242
1103,2408-WITXK,0.6382750086108888,0.3617249913891112
1104,0354-VXMJC,0.0025037979642736153,0.9974962020357264
1105,4415-IJZTP,0.8000436617831932,0.1999563382168068
1106,0455-ENTCR,0.03719325652726446,0.9628067434727355
1107,8066-POXGX,0.4788102129563487,0.5211897870436513
1108,3838-OZURD,0.29756119988519214,0.7024388001148079
1109,4163-NCJAK,0.01093063669564094,0.989069363304359
1110,6521-YYTYI,0.9007337238570875,0.0992662761429125
1111,2466-NEJOJ,0.08394790132816257,0.9160520986718375
1112,0219-QAERP,0.003578620106363893,0.9964213798936361
1113,8878-RYUKI,0.22238310541072986,0.7776168945892701
1114,9223-UCPVT,0.8986906316900114,0.1013093683099886
1115,8080-DDEMJ,0.7724035677314256,0.2275964322685744
1116,2650-GYRYL,0.003796718088219482,0.9962032819117805
1117,5561-NWEVX,0.7841052937124988,0.21589470628750118
1118,0810-BDHAW,0.09252617697783977,0.9074738230221602
1119,7486-KSRVI,0.29955095795605413,0.7004490420439459
1120,7056-IMHCC,0.6606949802627923,0.3393050197372077
1121,5380-XPJNZ,0.0047841762310685985,0.9952158237689314
1122,0956-SYCWG,0.03178018281462487,0.9682198171853751
1123,6429-SHBCB,0.16031261816938994,0.8396873818306101
1124,7359-PTSXY,0.5357830747341816,0.46421692526581837
1125,4001-TSBTV,0.23838114233839341,0.7616188576616065
1126,4013-TLDHQ,0.42030079908447354,0.5796992009155264
1127,4274-OWWYO,0.7203469784303607,0.27965302156963934
1128,6543-CPZMK,0.3040297812157784,0.6959702187842216
1129,7493-TPUWZ,0.8006656575381621,0.1993343424618379
1130,5871-DGTXZ,0.003949488158231015,0.996050511841769
1131,2959-FENLU,0.5804086179742608,0.4195913820257392
1132,2025-JKFWI,0.5545725831333856,0.44542741686661436
1133,3259-FDWOY,0.03251362023999378,0.9674863797600062
1134,6218-KNUBD,0.3058903207639517,0.6941096792360484
1135,5778-BVOFB,0.27202506820927824,0.7279749317907218
1136,3316-UWXUY,0.1022741109076448,0.8977258890923552
1137,7693-QPEFS,0.1472676806943642,0.8527323193056358
1138,1985-MBRYP,0.0017949935288280566,0.9982050064711719
1139,9137-NOQKA,0.3666143556977415,0.6333856443022585
1140,7883-ROJOC,0.1410956959528395,0.8589043040471604
1141,6505-OZNPG,0.020695558432281214,0.9793044415677188
1142,6317-YPKDH,0.3774080803948943,0.6225919196051057
1143,8070-AAWZP,0.18703855607785264,0.8129614439221473
1144,2055-PDADH,0.6119593408005761,0.3880406591994239
1145,3977-QCRSL,0.13520743620007783,0.8647925637999222
1146,0289-IVARM,0.09107480479799673,0.9089251952020032
1147,6047-SUHPR,0.12948718674725146,0.8705128132527485
1148,6766-HFKLA,0.04485916743835186,0.9551408325616482
1149,4628-CTTLA,0.19317736529233726,0.8068226347076628
1150,6691-CCIHA,0.02543576745993525,0.9745642325400647
1151,3744-ZRRDZ,0.4438444147443184,0.5561555852556817
1152,5093-FEGLU,0.0013356419766099004,0.9986643580233902
1153,3716-LRGXK,0.057057571562042275,0.9429424284379577
1154,0746-JTRFU,0.6237092895453622,0.3762907104546378
1155,3858-XHYJO,0.20489620333609299,0.795103796663907
1156,4658-HCOHW,0.6691551901865435,0.33084480981345654
1157,1336-EZFZY,0.08738008464832052,0.9126199153516795
1158,6563-VNPMN,0.15277059879603005,0.84722940120397
1159,9253-VIFJQ,0.01772400905956479,0.9822759909404352
1160,5226-NOZFC,0.5006656520831813,0.49933434791681874
1161,6655-LHBYW,0.1477999937002818,0.8522000062997181
1162,7435-ZNUYY,0.02408025849031943,0.9759197415096805
1163,8847-GEOOQ,0.049633726064067504,0.9503662739359325
1164,9695-IDRZR,0.037787839220275295,0.9622121607797247
1165,6599-RCLCJ,0.5383744569259689,0.46162554307403114
1166,2483-XSSMZ,0.10597036496814917,0.8940296350318508
1167,2055-SIFSS,0.15202846231349582,0.8479715376865042
1168,4640-UHDOS,0.22527378077242796,0.774726219227572
1169,8496-EJAUI,0.30670033671359903,0.693299663286401
1170,9500-WBGRP,0.0008273188306132918,0.9991726811693867
1171,3580-GICBM,0.001586179601042252,0.9984138203989578
1172,8644-XYTSV,0.08870815449824068,0.9112918455017593
1173,0032-PGELS,0.43009933470223505,0.569900665297765
1174,8465-SBRXP,0.009578357259543195,0.9904216427404569
1175,3870-SPZSI,0.016631620316758397,0.9833683796832416
1176,3317-VLGQT,0.6380223458918663,0.36197765410813365
1177,9648-BCHKM,0.008295714423673077,0.991704285576327
1178,3865-ZYKAD,0.1286894353038948,0.8713105646961052
1179,2533-QVMSK,0.027405940833504942,0.9725940591664951
1180,2190-PHBHR,0.012950123466972961,0.987049876533027
1181,8745-PVESG,0.03694045429824423,0.9630595457017558
1182,2696-ECXKC,0.16553954405251137,0.8344604559474886
1183,1406-PUQVY,0.36901425775512975,0.6309857422448703
1184,4795-KTRTH,0.6936906789098483,0.30630932109015174
1185,2321-OMBXY,0.06690513185750459,0.9330948681424954
1186,7860-UXCRM,0.006563675696137698,0.9934363243038623
1187,3413-BMNZE,0.7421093749776079,0.25789062502239213
1188,5038-ETMLM,0.005025072849373559,0.9949749271506264
1189,6595-COKXZ,0.4603181038871073,0.5396818961128926
1190,3721-CNEYS,0.7067723125324746,0.29322768746752537
1191,8429-XIBUM,0.7149780941241318,0.2850219058758682
1192,4229-CZMLL,0.692821966433028,0.30717803356697204
1193,7169-YWAMK,0.002342461573663031,0.997657538426337
1194,2651-ZCBXV,0.02538439388163978,0.9746156061183602
1195,4891-NLUBA,0.006898277250434628,0.9931017227495653
1196,4523-WXCEF,0.5026751209683402,0.4973248790316598
1197,6372-RFVNS,0.8643175321164085,0.1356824678835915
1198,5268-DSMNQ,0.1239487087289966,0.8760512912710035
1199,6674-KVJHG,0.0723650191068776,0.9276349808931224
1200,2144-BFDSO,0.4896729334084932,0.5103270665915067
1201,5923-GXUOC,0.7597566128873235,0.24024338711267645
1202,9822-WMWVG,0.406415787895594,0.5935842121044059
1203,9348-YVOMK,0.42128150707263123,0.5787184929273688
1204,7599-FKVXZ,0.45803068928970114,0.5419693107102989
1205,6518-PPLMZ,0.0014845019072519479,0.9985154980927481
1206,8727-JQFHV,0.00118619260351751,0.9988138073964825
1207,7130-YXBRO,0.249936994402402,0.750063005597598
1208,8903-WMRNW,0.7855319534339305,0.21446804656606955
1209,8714-CTZJW,0.7237432256168855,0.27625677438311447
1210,2946-KIQSP,0.07716384932879579,0.9228361506712042
1211,1945-XISKS,0.0006598437854538076,0.9993401562145462
1212,9163-GHAYE,0.3191283849036162,0.6808716150963838
1213,3629-ZNKXA,0.8184018568831983,0.18159814311680167
1214,2316-ESMLS,0.04751999146664097,0.952480008533359
1215,2260-USTRB,0.7953966449778315,0.20460335502216853
1216,6599-SFQVE,0.5041312988715047,0.49586870112849535
1217,9710-NJERN,0.0024803246787008185,0.9975196753212991
1218,1527-SXDPN,0.0065728628630728715,0.9934271371369271
1219,1814-WFGVS,0.004278974222977162,0.9957210257770228
1220,2506-TNFCO,0.9502320028515784,0.04976799714842162
1221,8277-RVRSV,0.00895836126623402,0.9910416387337659
1222,5202-IVJNU,0.0851447025208725,0.9148552974791275
1223,6229-LSCKB,0.8645406594340839,0.13545934056591613
1224,3957-SQXML,0.0036356765651203754,0.9963643234348796
1225,4139-SUGLD,0.04151092026228196,0.958489079737718
1226,4238-JSSWH,0.6171172165249892,0.3828827834750108
1227,9514-JDSKI,0.8388102863225437,0.16118971367745627
1228,4673-KKSLS,0.226531360245723,0.7734686397542769
1229,9330-DHBFL,0.02715009463216266,0.9728499053678373
1230,2240-HSJQD,0.23930184028690643,0.7606981597130935
1231,9281-PKKZE,0.20709145972410448,0.7929085402758955
1232,6847-KJLTS,0.34616495003454784,0.6538350499654522
1233,5312-IRCFR,0.08830826162425692,0.911691738375743
1234,8087-LGYHQ,0.7934398800837015,0.20656011991629852
1235,0618-XWMSS,0.10521545232809933,0.8947845476719006
1236,7954-MLBUN,0.039772767598460455,0.9602272324015395
1237,3108-PCCGG,0.017133369931721612,0.9828666300682783
1238,0733-VUNUW,0.11581177937580098,0.884188220624199
1239,6519-ZHPXP,0.010528548306382265,0.9894714516936177
1240,7601-WFVZV,0.30724139626194363,0.6927586037380564
1241,2675-DHUTR,0.5576489106187846,0.44235108938121537
1242,8775-CEBBJ,0.31253768099377566,0.6874623190062243
1243,9867-JCZSP,0.01105429714628422,0.9889457028537157
1244,2189-UXTKY,0.30618222701295567,0.6938177729870443
1245,7029-RPUAV,0.6753165934292844,0.3246834065707156
1246,8687-BAFGU,0.6349321347092415,0.3650678652907585
1247,9501-UKKNL,0.194833474729912,0.805166525270088
1248,4223-BKEOR,0.03852910896963805,0.961470891030362
1249,2380-DAMQP,0.01794329717156036,0.9820567028284396
1250,0468-YRPXN,0.3309087865136061,0.6690912134863939
1251,5651-WYIPH,0.39180072685515216,0.6081992731448478
1252,0877-SDMBN,0.13598311624625334,0.8640168837537466
1253,6732-FZUGP,0.05524454807462148,0.9447554519253785
1254,0742-MOABM,0.24331495030051134,0.7566850496994887
1255,8085-MSNLK,0.047689625249628685,0.9523103747503713
1256,5236-PERKL,0.048639027773065904,0.951360972226934
1257,3276-HDUEG,0.7469937554090106,0.2530062445909894
1258,8587-XYZSF,0.0046801684155361335,0.9953198315844639
1259,5084-OOVCJ,0.2024019765682756,0.7975980234317244
1260,3746-EUBYR,0.7374440145928116,0.2625559854071884
1261,0531-ZZJWQ,0.2789114133781396,0.7210885866218604
1262,2150-OEGBV,0.005324074768283253,0.9946759252317168
1263,7284-ZZLOH,0.02266026071916906,0.977339739280831
1264,1016-DJTSV,0.49891168159317795,0.501088318406822
1265,0657-DOGUM,0.04919026253202492,0.950809737467975
1266,7278-CKDNC,0.6753825134930308,0.3246174865069692
1267,0422-OHQHQ,0.01299106036394838,0.9870089396360516
1268,4971-PUYQO,0.35859255323542516,0.6414074467645748
1269,6166-YIPFO,0.006920423238094237,0.9930795767619057
1270,8707-RMEZH,0.05732950571745263,0.9426704942825473
1271,8313-KTIHG,0.417930993211279,0.582069006788721
1272,5921-NGYRH,0.07573554254471851,0.9242644574552815
1273,5322-TEUJK,0.005557212177335955,0.994442787822664
1274,1439-LCGVL,0.0023456508649202755,0.9976543491350798
1275,1293-HHSHJ,0.0054282913337902845,0.9945717086662097
1276,6421-SZVEM,0.11095687908368165,0.8890431209163183
1277,6384-VMJHP,0.003181519737888079,0.996818480262112
1278,9680-NIAUV,0.015275937808694571,0.9847240621913055
1279,0795-GMVQO,0.22079214986882445,0.7792078501311756
1280,8717-VCTXJ,0.005809371961923414,0.9941906280380766
1281,8779-QRDMV,0.9588278917646391,0.04117210823536088
1282,3733-LSYCE,0.34097401336121386,0.6590259866387862
1283,1676-MQAOA,0.002748485566066339,0.9972515144339337
1284,5129-JLPIS,0.6581195169174846,0.3418804830825154
1285,8740-CRYFY,0.9125437094115956,0.08745629058840443
1286,4132-POCZS,0.14910847553450854,0.8508915244654914
1287,4614-NUVZD,0.810568104498694,0.189431895501306
1288,3088-LHEFH,0.43515888842098754,0.5648411115790124
1289,2302-ANTDP,0.38568659823562296,0.614313401764377
1290,7426-RHZGU,0.6682024091456141,0.33179759085438587
1291,0139-IVFJG,0.48580753400296545,0.5141924659970345
1292,4063-EIKNQ,0.06599400540735326,0.9340059945926468
1293,0114-PEGZZ,0.3653625071744549,0.6346374928255452
1294,4701-AHWMW,0.07164906967360882,0.9283509303263912
1295,8705-WZCYL,0.5664891228007881,0.4335108771992119
1296,6974-DAFLI,0.013855140076673635,0.9861448599233263
1297,3756-VNWDH,0.4348527345462049,0.5651472654537951
1298,7026-YMSBE,0.0033985273854396365,0.9966014726145603
1299,7005-CCBKV,0.6832876007235853,0.3167123992764147
1300,0404-SWRVG,0.6988764217588646,0.30112357824113545
1301,0480-BIXDE,0.641474057290266,0.35852594270973404
1302,6629-LADHQ,0.38577809960141496,0.614221900398585
1303,2267-WTPYD,0.24743498650037618,0.7525650134996238
1304,4009-ALQFH,0.8655770640736127,0.13442293592638732
1305,3063-QFSZL,0.6437295127215742,0.3562704872784258
1306,1686-STUHN,0.005726248014559346,0.9942737519854407
1307,6685-XSHHU,0.0011165825194392799,0.9988834174805608
1308,4000-VGMQP,0.1149108546533628,0.8850891453466372
1309,9099-FTUHS,0.16709812394700924,0.8329018760529907
1310,4693-VWVBO,0.24205843247550698,0.757941567524493
1311,3106-ULWFW,0.5870025024262909,0.41299749757370907
1312,4430-UZIPO,0.27738996068453037,0.7226100393154696
1313,3389-KTRXV,0.0034726156682773884,0.9965273843317226
1314,1414-YADCW,0.0037295982021779694,0.996270401797822
1315,1666-JXLKU,0.6660928727249174,0.33390712727508265
1316,0487-CRLZF,0.019548785031369916,0.9804512149686301
1317,8305-VHZBZ,0.5172857969204588,0.48271420307954116
1318,1680-VDCWW,0.013913637963768358,0.9860863620362317
1319,9178-JHUVJ,0.00482039234050811,0.9951796076594919
1320,5850-BDWCY,0.11380658692757326,0.8861934130724267
1321,6933-FHBZC,0.03063334214461631,0.9693666578553837
1322,3067-SVMTC,0.009878432550086556,0.9901215674499134
1323,3946-JEWRQ,0.13588779586169317,0.8641122041383068
1324,6369-MCAKO,0.006529583485387825,0.9934704165146122
1325,1428-IEDPR,0.15438335147640475,0.8456166485235952
1326,1564-NTYXF,0.7197852866268741,0.28021471337312587
1327,1078-TDCRN,0.6626494082404429,0.33735059175955706
1328,3030-ZKIWL,0.35086501471038384,0.6491349852896162
1329,5656-JAMLX,0.0011119054500489845,0.998888094549951
1330,2737-YNGYW,0.6420664836635047,0.3579335163364953
1331,3301-VKTGC,0.021883468353606748,0.9781165316463932
1332,5982-XMDEX,0.0020808372420774188,0.9979191627579226
1333,6549-NNDYT,0.2904995230297953,0.7095004769702047
1334,2410-CIYFZ,0.0909026555162173,0.9090973444837827
1335,8259-NFJTV,0.16516186021745005,0.83483813978255
1336,7717-BICXI,0.0010544461822266495,0.9989455538177734
1337,4759-TRPLW,0.6677478555873688,0.3322521444126312
1338,9625-QSTYE,0.5347257471673398,0.4652742528326602
1339,6924-TDGMT,0.02156328325809359,0.9784367167419064
1340,1821-BUCWY,0.007059078794454214,0.9929409212055458
1341,6032-IGALN,0.42192116524028545,0.5780788347597146
1342,9488-HGMJH,0.8215163574060614,0.17848364259393856
1343,1273-MTETI,0.7658090722198734,0.23419092778012662
1344,6257-DTAYD,0.028336590158317267,0.9716634098416828
1345,6103-BOCOU,0.4129262867984869,0.5870737132015131
1346,5915-ANOEI,0.004518296503795898,0.9954817034962041
1347,3629-WEAAM,0.1543957595671026,0.8456042404328974
1348,6635-CPNUN,0.22669917443446802,0.773300825565532
1349,2911-WDXMV,0.27445057017111774,0.7255494298288823
1350,5396-IZEPB,0.13054364836471347,0.8694563516352866
1351,3500-RMZLT,0.3781533369160335,0.6218466630839665
1352,9499-XPZXM,0.001841599834365086,0.998158400165635
1353,8261-GWDBQ,0.04345679535077128,0.9565432046492287
1354,5543-QDCRY,0.5131949063599754,0.48680509364002456
1355,1338-CECEE,0.05825408239455085,0.9417459176054491
1356,1569-TTNYJ,0.6591091835813312,0.3408908164186688
1357,9114-VEPUF,0.1218034270425111,0.8781965729574889
1358,2604-XVDAM,0.1920091094656524,0.8079908905343476
1359,8725-JEDFD,0.09993280908995968,0.9000671909100403
1360,9066-QRSDU,0.02124458862935069,0.9787554113706494
1361,3902-MIVLE,0.0053205355986914475,0.9946794644013085
1362,7739-LAXOG,0.24170118299251467,0.7582988170074854
1363,4719-UMSIY,0.09508498861469618,0.9049150113853038
1364,0254-KCJGT,0.027517318376174323,0.9724826816238257
1365,9168-INPSZ,0.4717077841681371,0.5282922158318629
1366,6135-OZQVA,0.39540023508460914,0.6045997649153909
1367,5599-HVLTW,0.5780879336470464,0.42191206635295364
1368,2001-MCUUW,0.2817798523083184,0.7182201476916816
1369,5524-KHNJP,0.11619936157874237,0.8838006384212577
1370,6807-SIWJI,0.3702684332694411,0.629731566730559
1371,7995-ZHHNZ,0.08506243063768498,0.914937569362315
1372,7450-NWRTR,0.8894349160788262,0.11056508392117381
1373,7251-XFOIL,0.06817521859819511,0.9318247814018049
1374,4334-HOWRP,0.00594766616366107,0.994052333836339
1375,6168-YBYNP,0.27588245366332,0.72411754633668
1376,1264-BYWMS,0.4704125821203693,0.5295874178796307
1377,1498-DQNRX,0.01111417288661354,0.9888858271133865
1378,4067-HLYQI,0.3397745791824694,0.6602254208175307
1379,4024-CSNBY,0.002946698938712024,0.997053301061288
1380,0799-DDIHE,0.29954874015156885,0.7004512598484312
1381,4088-YLDSU,0.23515817708293663,0.7648418229170634
1382,2749-CTKAJ,0.011986755076575366,0.9880132449234247
1383,7706-YLMQA,0.0018516736674755198,0.9981483263325245
1384,6023-GSSXW,0.007368369194201872,0.9926316308057981
1385,1051-GEJLJ,0.08888022868521861,0.9111197713147814
1386,9028-LIHRP,0.010689824243486884,0.9893101757565131
1387,1621-YNCJH,0.032280675241664836,0.9677193247583351
1388,9167-APMXZ,0.36281759506432454,0.6371824049356755
1389,7852-LECYP,0.5951467722536044,0.40485322774639565
1390,8711-LOBKY,0.0009176451653989787,0.9990823548346011
1391,6968-GMKPR,0.15790174394402856,0.8420982560559714
1392,9318-NKNFC,0.273506034688291,0.7264939653117091
1393,3898-BSJYF,0.09258923073476698,0.907410769265233
1394,8040-MNRTF,0.6465521597430022,0.3534478402569978
1395,8922-NPKBJ,0.0008744982303363163,0.9991255017696636
1396,7521-AFHAB,0.2707303482597996,0.7292696517402004
1397,4632-XJMEX,0.02392063831840005,0.9760793616815999
1398,1310-QRITU,0.32920179152716744,0.6707982084728326
1399,8490-BXHEO,0.45546059003132705,0.5445394099686729
1400,7074-IEVOJ,0.699559400412652,0.30044059958734803
1401,6408-OTUBZ,0.08462792169769023,0.9153720783023098
1402,6893-ODYYE,0.02048359224136158,0.9795164077586385
1403,7356-IWLFW,0.12027306631080507,0.879726933689195
1404,3961-SXAXY,0.4938191037573603,0.5061808962426397
1405,6349-JDHQP,0.0015151348296422134,0.9984848651703578
1406,3005-TYFRD,0.321379987932662,0.678620012067338
